Area,Perimeter,Compactness,Occlusivity,Min_radial,Volume,RayPortion_sky,RayPortion_obstacles,Betweenness_car,Betweenness_ped,subjective,objective,objective_discrete
2105.926758,259.6103103,0.392653302,69.84143689,11.13273383,804557,0.265579499,0.283828383,17960,1140,0,0.95,3
2014.710206,252.8277283,0.396067907,99.12386884,8.698071432,755974.5,0.249077849,0.300718307,87694,2044,0,0.45,0
1914.768555,254.8265722,0.37054139,96.17781987,5.884964439,724672,0.239176859,0.314696175,87694,2044,0,0.6,1
2327.849121,364.054455,0.220715073,182.2215394,4.836013765,630488,0.204038051,0.370413512,20132,1356,1,0.8,2
1877.361084,327.0325742,0.220584834,156.7755585,3.987800103,612629,0.196660843,0.395068919,52330,3312,1,0.65,1
1438.673096,182.0347427,0.545586251,53.4011015,5.10154891,669799,0.22325762,0.370219375,69896,4586,1,0.35,0
1317.349487,170.7847806,0.567574218,49.56189742,5.233124418,579943,0.188312949,0.426130848,69896,4586,1,0.75,2
1189.739502,158.8627551,0.592403431,45.89518947,5.419798917,565383,0.183265385,0.389633081,69896,4586,1,0.8,2
1068.082031,147.4879293,0.617023232,40.42695087,5.59211457,580330,0.189283634,0.379343817,69896,4586,1,0.5,0
973.2558594,237.9608914,0.215986057,79.2175865,5.793185307,568517,0.18559503,0.38245001,69896,4586,1,0.35,0
1001.437256,241.0591457,0.216564059,84.01005094,5.965638242,548596,0.180159192,0.387109299,69896,4586,0,0.6,1
1029.88379,243.7985144,0.217739469,88.29657972,6.152463915,521041,0.174723355,0.391574452,69896,4586,0,0.7,1
1134.026855,246.5312178,0.234471122,132.1475845,6.339326652,532587,0.180547467,0.383808969,69896,4586,1,0.55,0
912.8723145,241.7465882,0.196133466,169.2810105,6.379770036,576395.5,0.200931858,0.358862357,69896,4586,1,0.65,1
890.7265625,251.2800825,0.17727118,165.3764393,9.771089881,604167,0.207338381,0.348864298,69896,4586,1,0.75,2
1169.202149,243.7080132,0.247407169,154.9122979,4.388235158,632344,0.213259562,0.354105999,71694,4852,1,0.6,1
2479.192261,258.7536561,0.465097224,149.0472605,3.519438458,649136,0.217142303,0.369054552,71694,4852,1,0.45,0
3616.849243,306.8695411,0.482657554,151.561212,5.217297601,765277.5,0.247524753,0.323141138,71694,4852,1,0.2,0
3594.100097,312.1145107,0.463637565,140.5474144,6.257620983,854314.5,0.272471365,0.284896137,71694,4852,1,0.75,2
3605.852905,368.1070812,0.343649748,167.3413332,9.784153681,971415,0.310133955,0.237914968,1791388,6250,1,0.6,1
3813.995972,456.2981982,0.230546918,238.4081222,10.99811721,1096109.5,0.344690351,0.196272569,1791388,6250,1,0.45,0
4714.658081,612.3447573,0.158008372,308.812435,9.611023327,1196039.5,0.370122306,0.164822364,1791388,6250,1,0.35,0
4592.285156,595.4131627,0.162780302,354.3520693,11.75947863,1287677,0.392156863,0.136866628,1822354,9296,1,0.75,2
4373.813965,643.3980555,0.13277328,341.0035645,16.78123607,1314498,0.397398563,0.127742186,1836900,10778,1,0.4,0
3488.922852,533.7235029,0.153910615,291.4260757,21.10428874,1343779,0.403610949,0.122112211,1836900,10778,1,0.55,0
3362.074707,541.2006414,0.14424495,345.2238175,20.63956094,1336900,0.402057853,0.123082897,1833644,10768,1,0.4,0
3000.265625,555.2064475,0.122309606,343.0122265,20.47134272,1296598,0.393127548,0.132595613,1833644,10768,1,0.65,1
2699.104492,548.1456035,0.112885378,326.8073339,15.96180102,1227075,0.374102116,0.154338963,1833644,10768,1,0.65,1
2510.969971,578.8509321,0.094171158,266.8442651,9.4470996,1104545,0.340710542,0.195301883,1833644,10768,1,0.65,1
1240.352295,401.5270249,0.096677488,201.7697224,4.558755864,900952,0.275286352,0.289458358,1833644,10768,1,0.6,1
944.847168,219.7554356,0.245862434,61.67429643,4.420636517,473226,0.151038633,0.458163463,1833644,10768,1,0.65,1
1042.679932,223.3707365,0.262608226,74.31947126,4.396795022,315067,0.108910891,0.506891866,1833644,10768,1,0.55,0
1029.532959,223.6856724,0.258567409,63.60481739,4.372951689,266436,0.096486119,0.543389633,1833644,10768,1,0.55,0
1146.33374,227.4723131,0.278396552,70.07651498,4.409479472,238420,0.087944089,0.564162299,1833644,10768,1,0.526315789,0
1273.800293,230.7781513,0.300553527,74.50468453,4.223285981,225569,0.084449621,0.559503009,1833644,10768,1,0.736842105,2
1566.927734,237.3759049,0.349450419,80.55076057,4.291471461,224163,0.085420307,0.55018443,1833644,10768,1,0.684210526,1
1861.537842,238.6621778,0.410690384,155.813612,3.995835456,242470,0.090273733,0.537565521,1833644,10768,1,0.421052632,0
2474.12207,247.0769623,0.509291562,147.3479976,3.962260605,265210,0.096291982,0.529605902,1833644,10768,1,0.684210526,1
3434.768555,264.5349435,0.616756152,146.0263301,3.926952066,350994.5,0.119297224,0.505241701,1833644,10768,1,0.684210526,1
4960.378296,470.3396341,0.281773316,173.5339283,4.108127021,596839,0.192292758,0.402640264,250704,7166,1,0.473684211,0
5276.602295,481.4548777,0.286052471,164.4476645,5.504306056,736888,0.239273927,0.326441468,1595666,5288,1,0.368421053,0
5334.243164,363.4118874,0.507547416,138.6188246,7.359383715,908747.5,0.289555426,0.258493496,1595666,5150,1,0.526315789,0
5705.159302,354.5295333,0.570403569,104.6892799,9.21958411,1072706.5,0.333721607,0.2014172,1595666,5012,1,0.578947368,0
6050.703003,370.4177038,0.554325223,91.24113165,12.13736099,1176482,0.360027179,0.168608037,835695,4608,1,0.263157895,0
5689.466675,352.1875747,0.576424696,80.80214156,15.28048838,1240067.5,0.376820035,0.148806057,1582964,3674,2,0.578947368,0
5285.290405,338.6149597,0.579273925,75.50106358,20.49156696,1258369.5,0.380702776,0.141234712,1582964,3674,1,0.578947368,0
5515.349243,311.6663058,0.713523752,55.40981842,19.75440113,1235455,0.37186954,0.152785867,1582964,3674,1,0.526315789,0
5435.893311,328.2835952,0.633844062,66.0162553,19.6027243,1251117,0.374684527,0.150262085,1924726,5982,1,0.736842105,2
5355.585694,344.4091264,0.567393458,103.573073,19.45103948,1251942,0.374781596,0.150067948,1924726,5982,1,0.263157895,0
5298.607544,362.2655859,0.507364641,121.0849166,19.30947664,1255437.5,0.374393322,0.14997088,1924726,5982,1,0.526315789,0
5255.313477,380.9375275,0.455093857,127.7188814,19.15779834,1261499,0.374878664,0.148708989,1924726,5982,1,0.473684211,0
5202.04602,398.8559974,0.410919933,136.6930672,19.00205958,1273440.5,0.380023297,0.142884877,1924726,5982,1,0.631578947,1
5273.861816,422.5666814,0.371148841,145.1568931,18.84506147,1281053,0.383420695,0.139778684,1920582,5420,2,0.736842105,2
5297.503662,463.6799257,0.309631076,173.764928,18.70125866,1282490,0.384779654,0.137449039,1920582,5420,2,0.526315789,0
5234.112548,481.7815705,0.283381759,211.5516608,18.55574045,1291895.5,0.389633081,0.134634052,1920582,5420,2,0.842105263,3
4998.407227,464.2449393,0.291438648,262.351721,18.38101869,1294100,0.389827218,0.134925257,1920582,5420,2,0.789473684,2
4667.756714,481.7086836,0.252795336,203.8193525,18.22099112,1296674,0.390409629,0.1354106,1920582,5420,1,0.684210526,1
4205.108887,507.2864219,0.205343346,219.6185548,15.11817037,1298710,0.391574452,0.135313531,1942774,5734,2,0.368421053,0
3587.890625,563.9683994,0.14175537,281.3664584,9.59020783,1284316,0.390797903,0.138807998,1942774,5734,2,0.526315789,0
3491.646119,359.3871886,0.339856018,213.8293927,7.33188359,1274803,0.387497573,0.147738304,1942774,5734,2,0.631578947,1
6237.921143,459.5587861,0.371165496,163.5644827,7.359155025,1313314,0.395457193,0.135701805,1942774,5734,2,0.789473684,2
5594.908203,467.2571844,0.322025938,160.6097824,10.52017919,1344247,0.402834401,0.122112211,1942774,5734,1,0.842105263,3
5013.2146,466.2457397,0.289798683,172.6190081,16.19902715,1303710,0.39429237,0.13143079,1942774,5734,2,0.894736842,3
4416.501709,480.4630826,0.240418687,186.0692688,16.52156509,1293503,0.390409629,0.134342846,1942774,5734,1,0.947368421,3
3852.377441,526.0796683,0.174918466,220.6190922,19.18251638,1244506,0.378955543,0.14599107,1942774,5734,2,0.842105263,3
3955.156982,609.6795047,0.133712004,260.0565982,13.51404797,1168682,0.358377014,0.171228888,1942774,6348,2,0.894736842,3
2956.381104,618.2512727,0.097194176,174.9239088,6.678216736,1072771,0.329644729,0.208309066,1937284,6348,1,1,3
1758.125,244.7496086,0.368820967,120.4681676,2.085514991,969128,0.296641429,0.293146962,1937284,6348,1,1.052631579,3
1785.719238,248.8796843,0.362279823,106.0876046,2.699414882,863736,0.264414677,0.339351582,1937284,5582,2,0.578947368,0
1735.224854,251.7119833,0.344157977,114.5857769,2.901552465,774863,0.239370996,0.364006989,1937284,5582,2,0.894736842,3
1664.16626,254.366634,0.323211117,109.6692683,3.02438109,703718,0.223063483,0.37779072,1937284,5582,2,0.526315789,0
1573.906006,256.249997,0.301204127,116.779282,3.147268733,622449,0.204232188,0.395068919,1937284,5582,1,0.894736842,3
1503.463379,259.0451462,0.281547581,104.709776,3.338243265,623303,0.206561833,0.391186177,1937284,5582,2,0.894736842,3
1569.30127,388.6236753,0.130574292,243.1868509,3.070080032,551042,0.185400893,0.421471559,1937284,5582,2,0.789473684,2
2311.783691,412.0759225,0.171081315,208.9519919,2.842066483,613661,0.202484954,0.405940594,1937284,5582,2,0.736842105,2
1588.10791,337.5731333,0.175127409,185.7484864,2.866933277,603657,0.198602213,0.41215298,1937284,5582,2,0.947368421,3
1415.861328,227.6931689,0.343186805,100.4767905,2.891794811,547149,0.182877111,0.429237041,1928136,4490,2,1,3
1419.842773,229.9970002,0.337291795,91.69375934,2.916539241,539691,0.180935741,0.431760823,1928136,4490,2,0.473684211,0
1422.216553,230.8056601,0.335492398,110.7898259,2.941134154,532301,0.179770918,0.432537371,1928136,4490,2,0.631578947,1
1444.528564,233.7486285,0.332229242,102.6951064,2.965830819,545635,0.185012619,0.427878082,1928136,4490,2,0.736842105,2
1518.771729,241.9354264,0.326064438,72.37851922,2.990632745,581302,0.19879635,0.407687828,1928136,4490,2,0.684210526,1
1583.461914,298.6747288,0.2230594,111.441231,3.695786907,596968,0.205979421,0.380508639,1928136,4490,2,0.473684211,0
1607.067139,238.2412204,0.355803384,68.8043479,3.039925476,528112,0.183265385,0.427878082,1928136,4490,2,0.631578947,1
1723.529297,243.4638299,0.365392505,69.91935826,3.092919865,517816,0.180741604,0.431566686,1928136,4490,2,0.842105263,3
1818.533813,275.321445,0.301478666,91.06209661,3.190315709,511402.5,0.179382644,0.430498932,1928136,4490,2,0.789473684,2
1997.556519,248.8538138,0.405341686,83.02492837,3.240512509,506279,0.176470588,0.442050088,1928136,4490,2,1,3
2192.146606,258.7102549,0.411592482,84.40238801,3.316854634,468161,0.162589789,0.458551737,1928136,4490,2,0.631578947,1
2476.482056,296.4030911,0.354220602,105.0508654,3.393329694,474288,0.162298583,0.459134149,1928136,4490,3,0.842105263,3
2675.941162,259.3926233,0.499748146,80.61723122,3.469728844,512667,0.180256261,0.416909338,1923326,4167,2,0.736842105,2
3052.087524,270.397128,0.524564499,90.50617044,3.546126257,561260.5,0.198213939,0.400698894,1918516,3844,2,0.947368421,3
3674.902832,299.0358015,0.516395282,164.0525278,3.508701698,469893,0.159483595,0.443311978,1918516,3844,2,0.736842105,2
4587.94336,388.5841737,0.381789926,182.2240173,3.413346334,582269,0.192778102,0.396913221,1918516,3844,2,0.894736842,3
5567.224366,437.7307969,0.365067827,166.6588064,5.033096774,697631.5,0.226460882,0.340225199,1918516,3844,2,0.842105263,3
6755.464233,487.220903,0.357613541,182.7486349,7.990061661,831620.5,0.265579499,0.281013395,1918516,3844,2,0.947368421,3
8063.533325,609.9190047,0.272391135,237.1223774,10.94701883,978998.5,0.305765871,0.230052417,1918516,3844,2,0.789473684,2
6028.258545,574.7585989,0.229314111,299.0900756,11.07639454,1081759,0.330615414,0.199572898,124296,1224,2,0.789473684,2
5723.266846,614.0024182,0.190771589,340.2533156,10.55940505,1163202,0.349640846,0.177635411,124296,1224,2,0.631578947,1
4201.339111,458.8591447,0.250748774,176.3504708,12.8850351,1225148,0.362453892,0.16249272,124296,1244,2,0.631578947,1
3798.414307,466.5547304,0.219284029,240.4868892,15.54827847,1236677,0.364783537,0.160357212,124296,1244,2,0.894736842,3
3391.317139,449.6251889,0.210803104,227.3903214,18.39794991,1227787,0.360900796,0.164628228,133498,1296,2,0.736842105,2
2987.420898,461.3715871,0.176361826,230.0177881,16.48874863,1187186,0.347699476,0.178800233,133498,1296,2,0.631578947,1
2886.262207,479.1884946,0.15795482,246.2852319,14.57990781,1114770,0.325373714,0.207726655,133498,1296,2,0.684210526,1
2908.052978,380.872764,0.251916561,152.7469249,11.19235283,1024755.5,0.296835566,0.241700641,133498,1980,2,0.947368421,3
2722.707032,413.1540414,0.200736217,211.9680302,4.323629531,867974.5,0.248010095,0.311201708,380336,2152,2,0.473684211,0
2276.959839,303.9337019,0.309747847,181.6564019,1.15483986,480606.5,0.131527858,0.573480877,380336,2152,2,0.842105263,3
3649.236328,544.5287903,0.154627211,321.8547654,0.95587064,693413,0.195204814,0.448553679,380336,2152,2,0.789473684,2
3524.102539,528.6740032,0.158447336,270.3109765,7.35775266,742849,0.223742962,0.350126189,380336,2152,2,0.842105263,3
3095.94751,476.937448,0.171033273,192.6643615,10.58689789,742373,0.224422442,0.362842167,380336,2152,2,0.526315789,0
2198.605469,456.623955,0.132507294,176.9068859,3.583512926,595835,0.177052999,0.460298971,380336,2152,2,0.789473684,2
2259.713867,267.3872882,0.397174906,150.419992,0.229969146,159673,0.036109493,0.866239565,380336,2152,2,0.842105263,3
2379.087402,270.3815403,0.408946208,134.1900848,0.50844918,147837,0.035915356,0.90953213,380336,2152,2,0.789473684,2
2517.608398,276.9776371,0.41239048,132.0619392,0.409198031,136181,0.032809163,0.949524364,380336,2152,2,0.789473684,2
2682.797607,285.5944373,0.413331292,137.6788778,0.270262436,142994,0.030867793,0.961366725,380336,2152,2,0.842105263,3
3019.593506,302.4029973,0.414940823,129.51573,0.392116876,187760,0.043292565,0.941953019,380336,2152,2,1.052631579,3
3126.579102,311.2641591,0.405520827,126.6495939,1.304587324,191864.5,0.045039798,0.91875364,380336,2152,2,1.315789474,3
3370.945801,325.4678849,0.399883459,127.3434407,2.321051213,257455.5,0.065230052,0.81178412,380336,2152,2,0.842105263,3
4130.489258,383.1188946,0.355058407,229.6772659,3.397076777,435540,0.118714812,0.726946224,380336,2152,2,0.789473684,2
5354.414917,409.4563463,0.401334286,191.6903395,5.206517561,724352,0.202679091,0.586390992,231573,2038,1,1.315789474,3
5649.474854,419.3757102,0.403655987,190.2840156,11.13462231,934385,0.272956707,0.475441662,82810,1924,1,0.705882353,1
1813.35791,269.5158882,0.313707319,113.9932535,16.84394792,1063498,0.309066201,0.276839449,82810,1924,1,0.823529412,2
1626.828002,270.8165718,0.278745268,114.6499268,16.30335402,1083280,0.319355465,0.226655018,82810,1924,2,0.705882353,1
1442.479248,273.2587198,0.242756786,116.5494946,15.36876333,1134080,0.342457775,0.199767036,82810,1924,1,1,3
1422.467651,279.0857258,0.22947886,121.1732309,12.90786581,1247757.5,0.38109105,0.159483596,82810,1924,1,0.764705882,2
1489.055908,276.9870381,0.243921735,93.41164059,7.275033678,1186971,0.365365949,0.18423607,82810,1924,1,0.941176471,3
1408.75293,245.5818565,0.29352976,66.43845783,1.225964021,1065180,0.322461658,0.313531353,82810,1924,1,0.588235294,0
1323.797851,245.3060492,0.276445341,90.20083452,1.659167536,810080.5,0.247233547,0.421180354,82810,1924,1,0.882352941,3
1229.902954,244.699458,0.258106651,82.3604272,2.049877507,749024,0.231993788,0.442729567,82810,1924,1,0.529411765,0
1129.262939,245.0544569,0.236308709,71.58488506,2.317374957,660503,0.20345564,0.567074354,82810,1924,1,0.823529412,2
1065.527832,220.2038027,0.2761309,61.11816189,2.400397424,588486,0.183071249,0.594933023,82810,1924,2,0.705882353,1
1054.013428,217.8770888,0.279018423,52.68918051,2.316629767,480007,0.15783343,0.627062706,82810,1924,2,0.882352941,3
982.2783203,215.6740429,0.265368069,67.83353681,2.227443432,375221,0.130460105,0.65851291,82810,1924,2,0.470588235,0
999.2153322,216.9037536,0.266877431,71.75305807,2.143460642,349210.5,0.126577364,0.609881577,82810,1924,2,0.647058824,1
1000.300293,219.0641509,0.261937474,45.18968261,2.120692336,406745,0.147350029,0.516598719,82810,1924,2,0.647058824,1
993.6917725,220.7458222,0.256228708,44.51141574,2.204846132,401531.5,0.144729179,0.510677538,82810,1924,1,0.941176471,3
1070.963989,225.6261032,0.264367228,55.65828025,2.491253965,424795.5,0.15395069,0.484566103,82810,1924,1,0.705882353,1
1214.989258,232.9935435,0.281251294,60.46563731,2.551805161,453603,0.163269268,0.475635799,82810,1996,1,0.941176471,3
1776.332032,338.8978578,0.202393868,138.2793925,2.6466631,542434,0.189380702,0.44913609,78605,2518,2,0.705882353,1
1646.562378,240.6430876,0.357421673,131.4126611,3.117856805,629902.5,0.214327315,0.392933411,74400,3040,2,0.823529412,2
1742.375977,231.6077549,0.408174195,126.2712466,2.555771311,521231,0.178800233,0.486895748,74400,3040,2,0.705882353,1
2043.52478,243.5531843,0.432862988,123.6310633,2.552799815,481059.5,0.162978063,0.472723743,74400,3040,2,0.764705882,2
2682.093994,347.1948291,0.279600125,153.9065054,2.546486254,513468,0.170258202,0.466511357,74400,3040,2,0.823529412,2
3142.956543,370.5654643,0.28761952,188.9363766,2.475333363,616945,0.197631528,0.432731508,74400,3040,2,0.941176471,3
3246.128662,397.2663072,0.258471181,196.9704789,3.832225751,731306,0.230828965,0.357212192,74400,3040,2,0.529411765,0
3000.518066,385.7423463,0.253402838,223.0139203,5.17005923,839740,0.264802951,0.302271404,74400,3040,2,0.705882353,1
2755.600342,383.0301038,0.236026234,221.5390516,6.605699765,959758,0.305765871,0.247330615,74400,3040,2,0.588235294,0
2554.089722,398.6870997,0.202165674,241.530819,8.242820002,1076801,0.339642788,0.204911668,75372,3766,2,0.588235294,0
2456.207275,410.948942,0.182767573,160.3446392,9.970510575,1157674,0.36264803,0.173170258,235056,4098,1,0.823529412,2
2101.307861,405.5289516,0.160566825,201.9142923,12.44888587,1184239,0.36924869,0.163075131,71860,4098,1,0.882352941,3
1307.806885,267.3434753,0.229939882,116.5064139,13.67760209,1148404,0.360124248,0.173364395,79574,5742,2,0.882352941,3
1120.048096,230.9217974,0.263946968,99.61608191,9.902892466,1059967,0.336051252,0.200931858,79574,5742,2,0.764705882,2
935.4864502,244.7682442,0.196204923,123.3941316,8.31008817,978815,0.31372549,0.22985828,79574,5742,2,0.588235294,0
783.7385254,217.8143835,0.207590726,117.75657,7.992647891,856144,0.277227723,0.279557368,79574,5742,2,0.941176471,3
713.0456543,197.6718897,0.229317592,111.2397372,7.10643625,707165,0.237041351,0.333721607,79574,5742,2,0.941176471,3
1083.376221,247.2242532,0.222744513,91.84692231,1.364443509,598015,0.194331198,0.50397981,79574,5742,2,0.529411765,0
125.831543,58.96707074,0.454757926,1.283408379,1.279881939,139427,0.055523199,0.783537177,66468,4506,2,0.705882353,1
12.05566406,22.37497924,0.302604735,1.729925682,1.725172447,17822,0.008736168,0.889536012,275518,5466,3,0.647058824,1
3718.64917,417.300951,0.268346739,170.7654911,3.343407672,957565,0.301106581,0.263638129,275518,5466,2,0.588235294,0
3258.317139,406.8847252,0.247320687,186.2453405,10.14526405,1044321,0.335080567,0.205591147,275518,5466,2,0.411764706,0
2861.526245,417.1722658,0.20664726,236.3895936,6.250997732,945711,0.306251214,0.243544943,167544,4868,2,0.647058824,1
738.6262207,203.5174825,0.224094471,94.11142683,3.970728076,625224,0.203067366,0.40089303,70672,4600,2,0.588235294,0
681.0317383,171.5982318,0.290637467,79.04925678,2.495207934,345986,0.119976704,0.560861969,107988,7808,1,0.764705882,2
671.1710205,173.5146111,0.28012861,73.31653215,3.338309466,283048,0.105222287,0.535138808,107988,7808,1,0.882352941,3
635.2907715,166.749913,0.287249234,65.75539338,3.233435398,325763,0.122112211,0.502426714,107666,7822,1,0.764705882,2
630.7602539,175.1828339,0.258280185,77.61500737,3.166123358,358710,0.129683557,0.497185013,107344,7822,1,0.588235294,0
915.5898438,285.4013538,0.141253355,148.6898288,3.504333955,484391,0.173558532,0.438167346,107344,7822,1,0.705882353,1
1146.71936,297.2560963,0.163060797,138.413129,3.855705646,529324.5,0.184430208,0.419627257,107344,7822,1,0.823529412,2
838.3620605,289.3859055,0.125801764,143.8766445,3.673110684,493417,0.173752669,0.432537371,107344,7822,1,0.705882353,1
888.6928711,217.9293149,0.235142025,120.6627292,3.516533518,352515,0.127742186,0.483013007,107344,7822,1,0.882352941,3
956.2927246,225.9635159,0.235355347,129.1939205,3.819929119,277110,0.103280916,0.512715977,107402,7916,1,0.764705882,2
1171.935181,231.1085296,0.275719032,131.9869684,3.725634232,248981.5,0.092020967,0.529994176,107402,7916,1,1.352941176,3
1310.806152,233.0915977,0.303176195,128.4588253,3.63151576,281107,0.098815764,0.522228693,107402,7916,1,0.529411765,0
1669.739014,373.3529133,0.15052872,228.7964542,3.915268465,373680,0.133372161,0.468841002,107402,7916,1,0.588235294,0
1628.777588,248.7958196,0.330664558,127.6760369,4.873749675,382859.5,0.140361095,0.458066395,107402,7916,1,0.294117647,0
1925.556396,264.7318801,0.345265846,131.9474464,5.119954973,426300,0.153562415,0.432731508,105854,7740,1,0.411764706,0
2681.047607,306.0316875,0.35973409,143.9247727,2.795320781,502650,0.167734421,0.431178412,105854,7740,1,0.823529412,2
2886.4104,356.1035328,0.286032499,122.0268185,6.317208515,626367,0.208309066,0.356629781,105854,7740,1,0.411764706,0
3170.5625,388.4974712,0.26397925,129.071503,8.88808048,769979,0.255484372,0.292758688,105854,7740,1,0.705882353,1
3674.85083,447.0820158,0.231033617,161.3278653,11.13227376,866688,0.285769753,0.25431955,87564,6120,1,0.588235294,0
3643.660889,456.508976,0.21970967,154.1871987,13.59981254,954072,0.310619297,0.222675209,298074,5934,1,0.411764706,0
3740.441162,588.4197642,0.135755736,324.1666891,15.60663739,983814,0.316443409,0.216851097,84660,5934,1,0.588235294,0
3675.112304,617.550958,0.121100831,324.3062473,9.617117513,971265,0.312560668,0.222869345,66864,5914,1,0.588235294,0
2973.765869,510.0829923,0.143688343,193.5814259,4.419838835,891300,0.286158028,0.26354106,74338,5914,1,0.411764706,0
2614.61853,489.3626455,0.137190888,200.0600132,4.348452156,719496.5,0.229664143,0.344010872,74338,3840,1,0.647058824,1
1814.919677,415.922766,0.131812676,160.1982196,5.038268801,599967.5,0.188312949,0.392253932,74338,3840,1,0.941176471,3
1100.631836,204.2954704,0.331391459,88.19644789,4.858017697,381547,0.125703747,0.475635798,74338,3840,1,0.588235294,0
1058.842163,195.0298484,0.349812427,83.93531727,5.113107673,330805.5,0.113667249,0.482236459,74338,3840,1,0.411764706,0
977.360962,196.3019657,0.318718887,85.18758018,5.368486091,299135.5,0.106581246,0.486313337,74338,3840,1,0.705882353,1
938.9943848,223.1948523,0.236866974,118.6110844,5.605758985,321105,0.11822947,0.462240342,74338,3840,1,0.588235294,0
1027.248779,256.2384128,0.196606117,148.2797839,5.861335679,365644,0.13278975,0.443020773,74338,3840,2,0.411764706,0
663.2109375,139.1616958,0.430350309,45.82236647,6.077564042,352401,0.127159775,0.459522423,69254,3426,1,0.588235294,0
593.8601074,128.0124421,0.455396461,55.23158411,5.667053864,258497,0.095515434,0.503203262,69254,3426,2,0.529411765,0
511.7124023,113.8458556,0.496136703,39.17918841,5.048964461,263319,0.096291982,0.516986993,69254,3426,2,0.705882353,1
446.5844727,100.1756797,0.559227973,30.37935721,4.385004428,262959,0.097456805,0.528441079,69254,3426,2,0.647058824,1
401.2900391,93.27105077,0.579661565,34.10387951,3.616588097,263388,0.098621627,0.517763541,69254,3426,2,0.588235294,0
368.7687988,98.73175994,0.475390256,42.60347371,3.696060398,291364,0.110075713,0.50728014,112434,4598,2,0.588235294,0
403.3618164,133.3562786,0.28502156,76.4949677,3.141846295,339836,0.128518734,0.547854785,112434,4598,2,0.823529412,2
1401.2771,235.3534437,0.317901644,81.03590102,2.286828528,394206,0.133178024,0.585323238,112434,4598,1,0.588235294,0
1451.532227,254.243798,0.282186226,111.1480534,5.274253322,406654,0.141720054,0.454863133,112434,4598,2,0.647058824,1
1912.770996,397.3711092,0.152222996,124.4296814,5.625509323,560313,0.193166375,0.386138614,111594,3918,2,0.764705882,2
2205.330811,416.1657939,0.160011371,144.2224551,6.082681416,623773,0.214521452,0.354105999,111594,3918,1,0.647058824,1
1139.535156,227.4023786,0.276915704,135.1081486,5.4287823,490349,0.169287517,0.414676762,111594,3918,1,1.294117647,3
1196.375488,229.9136995,0.284411839,136.1759122,4.791729805,342642,0.120559115,0.483401281,111594,3918,1,1.058823529,3
1447.537598,224.057714,0.362343033,133.6109314,4.607130136,324938,0.113376043,0.496796738,111594,3918,1,1,3
2097.937012,247.8459272,0.429179269,145.4645811,4.788735183,364419,0.122694622,0.484954378,111594,3918,1,0.529411765,0
4319.651123,305.626511,0.581134273,125.1318399,4.290268661,573944,0.185983304,0.404581635,111594,3918,1,0.764705882,2
4785.52417,429.7542456,0.325610969,188.0287782,6.448734604,703695,0.231023102,0.334498156,111594,3918,1,0.823529412,2
4520.789063,457.1636158,0.271819613,147.7517675,6.808966912,827657,0.261696758,0.314113764,141814,4374,1,0.941176471,3
4034.704346,389.7972838,0.333690593,170.200157,6.497549204,854009,0.267132596,0.295476606,145526,4486,1,0.823529412,2
3658.190674,396.6944561,0.292132951,177.7574401,4.768127099,874866.5,0.273733255,0.286060959,145526,4486,1,0.705882353,1
3369.815918,413.0505877,0.248227239,178.1349183,5.38594426,886037,0.279072025,0.270432926,145526,4486,1,0.823529412,2
2970.393311,436.2345598,0.196177752,220.0697857,7.737666269,929643,0.292758688,0.250145603,145526,4486,1,0.882352941,3
2750.549561,524.8807124,0.12544393,215.4953929,7.967782114,952971.5,0.303533295,0.234517569,145526,4486,1,0.647058824,1
1367.06311,511.0685799,0.066914453,191.8815996,5.666056967,860238,0.276062901,0.271112406,190122,5304,1,0.823529412,2
960.4245606,250.7788141,0.19208278,134.1307243,4.324599932,633411.5,0.197631528,0.391283246,190122,5304,1,0.941176471,3
1008.553833,222.3279791,0.256400745,118.1635804,4.072251649,492491,0.152980004,0.49407882,190122,5304,1,0.705882353,1
1133.626709,225.0040399,0.281384015,110.9010322,3.734763583,323502.5,0.109105028,0.538924481,190122,5304,1,0.823529412,2
1350.707153,228.2173957,0.325893091,107.6776535,3.397738756,323816,0.117841196,0.533294506,192089,5304,1,0.941176471,3
1659.063965,239.548966,0.363315891,108.3765528,3.366433259,260491,0.092991652,0.55678509,194056,5304,1,0.823529412,2
2161.357666,287.9615222,0.327542443,129.5575067,3.525130371,373218,0.129101145,0.498543972,194056,5304,1,0.705882353,1
4041.553101,425.7641155,0.280151426,158.5781425,4.50236249,505640.5,0.164142885,0.429916521,194056,5300,1,0.705882353,1
4176.363037,444.0690922,0.266138077,206.5476795,8.375121909,581418,0.192389827,0.36788973,194056,5300,1,0.764705882,2
3610.265625,432.6867408,0.242327023,197.7946303,10.94481199,617822,0.21199767,0.33818676,194056,5300,1,1.1875,3
2235.453369,245.3918709,0.466503565,56.10321883,10.89038779,622771.5,0.216462823,0.33556591,140146,4300,1,0.923076923,3
2247.846924,246.2063339,0.465991671,59.16879547,9.960011058,629514,0.217821782,0.334109882,140146,4300,1,0.615384615,1
2252.725342,246.4303328,0.466154393,65.39163267,9.941599587,657419,0.22655795,0.32498544,140146,4300,1,0.846153846,3
2279.658691,247.559973,0.46743243,73.23215996,10.03357329,672987,0.22985828,0.322073384,140146,4300,1,0.615384615,1
2253.671875,244.5873268,0.47340479,73.06544686,10.38554698,689170,0.233546884,0.315472724,140146,4300,1,0.461538462,0
2216.979492,244.7003457,0.465282959,82.43290923,10.75591052,693059.5,0.233255678,0.315666861,140146,4300,1,0.615384615,1
2156.07373,242.1535756,0.462052899,83.42859256,10.94572663,697896,0.234323432,0.314113764,140146,4300,1,0.846153846,3
2112.663086,245.7666555,0.439535734,88.67357093,11.09874108,712447,0.238206174,0.311007571,140146,4300,1,1,3
2059.329956,259.5799898,0.384065019,108.9702307,10.45078878,730840.5,0.241797709,0.309163269,140146,4300,1,0.615384615,1
1947.855469,263.0998831,0.353610606,119.8185446,10.00122189,771986,0.254513687,0.295670744,140146,4300,1,0.615384615,1
2139.525391,318.8292685,0.264491027,165.1319011,9.586235491,822260,0.269850514,0.2760629,133846,4336,1,0.769230769,2
1899.146119,351.1418044,0.19354987,203.1078917,9.136660763,856322,0.280236847,0.265094157,133846,4336,1,0.692307692,1
2025.152588,362.0000651,0.194200488,171.9296736,8.947349946,871937,0.288875946,0.254707824,133846,4336,1,0.923076923,3
1734.781006,332.9284673,0.196676585,164.3219686,10.34790648,880516,0.291399728,0.253348864,136116,4852,1,0.923076923,3
1710.611328,278.7284101,0.276752673,132.6942235,10.41635548,848620.5,0.283051835,0.264511746,136116,4852,1,0.8,2
1906.175293,299.0195246,0.267900551,146.9894999,10.74637903,849979,0.281887012,0.265967773,136116,4852,1,0.428571429,0
