,Area,Perimeter,Compactness,Occlusivity,Min_radial,Volume,RayPortion_sky,RayPortion_obstacles,Betweenness_car,Betweenness_ped,subjective,objective,objective_discrete
0,4177.470871,598.6005465,0.146503863,190.46749259999999,5.532145712,679363.0,0.218404193,0.349834983,4162526,2778,0,1.677419355,3
1,4177.470871,598.6005465,0.146503863,190.46749259999999,5.532145712,679363.0,0.218404193,0.349834983,4162526,2778,0,1.838709677,3
2,4177.470871,598.6005465,0.146503863,190.46749259999999,5.532145712,679363.0,0.218404193,0.349834983,4162526,2778,0,1.2903225809999999,1
3,4177.470871,598.6005465,0.146503863,190.46749259999999,5.532145712,679363.0,0.218404193,0.349834983,4162526,2778,1,1.677419355,3
4,4177.470871,598.6005465,0.146503863,190.46749259999999,5.532145712,679363.0,0.218404193,0.349834983,4162526,2778,1,1.322580645,2
5,4177.470871,598.6005465,0.146503863,190.46749259999999,5.532145712,679363.0,0.218404193,0.349834983,4162526,2778,2,1.193548387,1
6,2892.827706,414.3988011,0.26393679600000003,135.925591,4.062076018,530825.5,0.175208697,0.407493691,4162526,2778,2,1.258064516,1
7,1608.18454,230.1970557,0.381369729,81.38368933,2.592006323,382288.0,0.132013201,0.46515239799999997,4162526,2778,1,1.35483871,2
8,1608.18454,230.1970557,0.381369729,81.38368933,2.592006323,382288.0,0.132013201,0.46515239799999997,4162526,2778,2,1.225806452,1
9,1608.18454,230.1970557,0.381369729,81.38368933,2.592006323,382288.0,0.132013201,0.46515239799999997,55024,722,2,1.548387097,3
10,1608.18454,230.1970557,0.381369729,81.38368933,2.592006323,382288.0,0.132013201,0.46515239799999997,55024,722,2,1.322580645,2
11,1605.2242130000002,229.55317110000001,0.382806209,79.71502279,2.604823583,362553.0,0.125994952,0.471558921,55024,722,2,1.612903226,3
12,1619.7227480000001,230.81861890000002,0.382040029,68.51879025,2.6880126619999998,291750.0,0.101921957,0.500097069,55024,722,1,1.7096774190000001,3
13,1628.7412880000002,231.31667830000004,0.38251458200000005,84.22073277,2.755941497,275034.5,0.096777325,0.5041739470000001,55024,722,1,1.64516129,3
14,1646.994209,231.84626699999998,0.385036194,85.14701455,2.7833407969999997,265418.5,0.093865269,0.506115318,55024,722,1,1.129032258,0
15,1639.227997,232.8038,0.380074819,85.05997207,2.80845704,263055.0,0.093379926,0.504368084,55024,722,1,1.870967742,3
16,1642.494873,234.78677290000002,0.37442654700000005,87.33676974,2.83815921,270030.0,0.09435061199999999,0.502426713,55024,722,2,2.0,3
17,1654.970352,235.5463512,0.37484120000000004,52.84652969,2.8729023989999996,274302.0,0.09551543400000001,0.5004853429999999,55024,722,2,1.322580645,2
18,1657.303467,236.8967693,0.371102283,64.69875757,2.907645935,279179.0,0.09706853,0.49932052,55024,722,2,1.548387097,3
19,1682.3194579999997,239.5003441,0.368558175,79.09303928,2.939850962,289944.0,0.099009901,0.500291206,55024,722,2,1.322580645,2
20,1693.8049010000002,243.2291779,0.359784049,87.62562813,2.969329177,303637.0,0.10502815,0.493884683,55024,722,2,1.225806452,1
21,1740.491699,249.55245630000002,0.35120292399999997,85.82836573,2.998807392,328484.0,0.11240535800000001,0.486313337,55024,722,2,1.612903226,3
22,1826.201462,266.81805380000003,0.322350335,82.94482377,3.026800415,356018.0,0.12133566300000001,0.47796544399999996,55024,722,2,1.838709677,3
23,2123.601624,330.68096360000004,0.24404197100000002,135.3368059,3.05401343,439587.0,0.149679674,0.441079402,55024,722,2,1.225806452,1
24,3877.061165,527.0639459,0.175381955,221.7730815,4.4587144080000005,589835.0,0.195787226,0.360900796,55024,722,2,1.258064516,1
25,3226.269173,527.4704433,0.145713215,145.06104109999998,8.837534589,584277.0,0.19811687,0.34158415799999997,55024,722,2,1.5806451609999999,3
26,2433.032532,527.1851916,0.11000979999999999,186.88575930000002,4.7665858210000005,589805.0,0.19937876100000002,0.34750533899999997,46372,760,2,1.387096774,2
27,1602.900635,232.4973306,0.372632322,65.94989318,3.218999522,467980.0,0.163269268,0.42671326,46372,760,2,1.451612903,2
28,1611.225449,233.9346974,0.36997884600000003,97.71864601,3.291553478,389285.0,0.13589594300000002,0.45971656,46372,760,2,1.838709677,3
29,1589.780579,233.8514247,0.365314584,87.32395471,3.341030985,361999.0,0.12696563800000002,0.47000582399999996,46372,760,2,1.548387097,3
30,1560.1374970000002,234.332716,0.357031789,95.2193922,3.361781558,356490.0,0.125994952,0.471170646,46372,760,2,1.5161290319999998,3
31,1549.656601,237.88978999999998,0.344107175,93.39839821,3.404656648,348158.0,0.12327703400000001,0.474276839,46372,760,2,1.64516129,3
32,1584.568558,247.5113184,0.325035481,104.0863507,3.447531882,348902.0,0.122500485,0.47311201700000005,46372,760,2,1.387096774,2
33,1703.051392,302.9867062,0.23312587,139.54598719999998,3.487096675,361925.0,0.12813046,0.46631722,46372,760,2,1.161290323,0
34,1942.359985,348.14790580000005,0.20138137899999997,119.2160402,3.5179099860000003,393435.5,0.1354106,0.457289847,46372,760,2,1.35483871,2
35,1675.739311,313.4160657,0.214367924,112.32242609999999,3.551525282,389020.5,0.133372161,0.45903708,46372,760,2,1.548387097,3
36,1620.555298,234.3518594,0.37079759799999995,92.94061499,3.589813336,360483.0,0.125994952,0.46767617899999997,46372,760,2,1.4838709680000002,3
37,1706.443146,240.2261109,0.371587646,96.42093778,3.639746164,337672.0,0.116093962,0.478741992,46372,760,2,1.387096774,2
38,1746.8475039999998,248.08177,0.35667704,99.75166765,3.68967949,335026.0,0.116093962,0.47680062100000004,46372,760,2,1.161290323,0
39,1921.007156,282.10475660000003,0.30333186100000004,91.58026824,3.7255382360000002,383641.0,0.12948942,0.45758105200000004,46372,760,2,1.322580645,2
40,3538.05661,584.2535452000001,0.13024826,211.60951310000002,4.590080179,527751.0,0.171228888,0.386721025,159240,2040,2,1.032258065,0
41,2191.6367649999997,544.873787,0.092765526,272.30357000000004,4.517195035,556516.0,0.180159192,0.393709959,177740,2034,2,1.451612903,2
42,3467.6528700000003,512.4420295,0.166721049,260.6416269,3.6131794010000005,622276.5,0.205591147,0.377984857,177740,2034,2,1.322580645,2
43,3297.631699,461.3432795,0.194698953,149.40695559999997,9.582045321,595965.0,0.202484954,0.332556785,177740,2034,2,1.5161290319999998,3
44,3176.076889,451.32776739999997,0.19593714,105.0827476,6.471901379,538222.0,0.1822947,0.358377014,177740,2034,2,1.7096774190000001,3
45,1956.436188,245.6163582,0.40753130600000004,70.79087061,2.870749335,401548.0,0.139972821,0.47563579899999997,33874,774,2,1.322580645,2
46,2137.7652359999997,257.5445464,0.405105096,74.43886522,2.894695782,342134.0,0.118714813,0.600562997,33874,774,2,1.5161290319999998,3
47,2812.755081,384.3695477,0.23924553199999998,159.87190990000002,4.043006478,377149.0,0.130654242,0.432925646,33874,774,2,1.451612903,2
48,2705.661865,259.1865914,0.506125623,145.2116304,2.8743360030000003,346227.0,0.11958842900000001,0.478741992,33874,774,1,1.548387097,3
49,3087.669625,267.0444432,0.544089315,155.034061,2.800748211,339327.5,0.114637935,0.493981751,33874,774,1,1.225806452,1
50,3388.8823090000005,277.9092507,0.551364607,145.705348,2.721500757,359849.0,0.11531741400000001,0.49553484799999997,33874,774,2,0.935483871,0
51,3558.5000609999997,286.4160387,0.54510752,126.2429545,2.66602061,392130.0,0.119782566,0.493496408,33874,774,2,1.225806452,1
52,3695.677689,289.7360227,0.553221391,119.15900420000001,2.619682781,429191.0,0.131624927,0.48165404799999995,37760,774,2,1.967741935,3
53,3979.1213,301.5937455,0.549729189,113.4895561,2.578020944,506603.0,0.156959814,0.485827994,37760,650,1,1.903225806,3
54,3080.952225,283.0895661,0.483111196,114.17073629999999,1.699337399,614335.0,0.18734226399999998,0.444573869,37760,650,1,1.870967742,3
55,2800.204056,276.3685289,0.46070441100000004,112.8430537,1.967344885,532463.0,0.16307513099999998,0.472529606,37760,650,1,1.4838709680000002,3
56,2487.346375,271.7785014,0.423171033,113.999554,2.2971895140000003,529815.0,0.16249272,0.45777518899999997,37760,650,1,1.64516129,3
57,3276.1781309999997,440.9808288,0.211708333,156.8913476,2.5720548930000002,628080.0,0.194525335,0.389827218,37760,650,1,1.387096774,2
58,1950.0841670000002,254.18688819999997,0.37927737,112.45205859999999,3.0272249330000003,621182.0,0.19200155300000002,0.38710929899999996,5112740,2026,1,1.064516129,0
59,1913.631546,256.2715251,0.366157116,121.55786780000001,3.2610394169999997,453412.0,0.144243836,0.452727626,5112740,2026,1,1.266666667,1
60,1967.400177,265.2690761,0.351355508,128.5513913,3.560208119,408342.0,0.13424577699999998,0.453407106,5112740,2026,1,1.4333333330000002,2
61,2076.1892780000003,321.82007539999995,0.25375522,164.0917094,3.8338626419999997,393940.5,0.132498544,0.450786255,5112740,2026,1,1.066666667,0
62,2581.8711550000003,422.0569393,0.182138745,236.6957848,4.120889944,454005.0,0.14793244,0.42943117799999997,5112740,2026,1,1.466666667,2
63,1990.7877809999998,257.89370319999995,0.37614332,121.5987146,4.357161217,429739.0,0.14579693300000002,0.42613084799999995,5112740,2026,1,1.466666667,2
64,2077.1307070000003,284.3701646,0.322779267,131.1696469,4.593432094,416462.0,0.143079014,0.421277422,5112740,2026,1,1.4333333330000002,2
65,2104.613953,312.52943250000004,0.270769949,128.8176972,4.413386893,473891.0,0.160357212,0.39506891899999996,5112740,2026,1,1.533333333,3
66,2183.186325,298.23091150000005,0.308457514,133.3737153,3.09280942,457870.0,0.15511551199999998,0.429625315,5112740,2026,1,1.4333333330000002,2
67,3095.114059,474.90363099999996,0.17245490100000002,165.8464717,3.646217258,540865.0,0.18210056300000002,0.389438944,5112740,2026,1,1.2,1
68,3952.398636,595.4090643,0.14010051199999998,227.82014759999998,5.690288616,666724.0,0.21801591899999997,0.323432343,5112740,2034,1,1.033333333,0
69,2873.3728109999997,561.1867529,0.114655025,156.9689988,8.737617018,689256.0,0.224810717,0.318675985,5091508,2034,1,1.4333333330000002,2
70,2132.454315,425.0074393,0.148340789,135.72970869999997,4.625530491,703552.5,0.22888759399999997,0.33265385399999997,5091508,2034,1,1.2,1
71,1803.446357,238.6859739,0.39779564,85.98109282,4.186975046000001,613600.0,0.201125995,0.376043487,5091508,1868,2,1.3,1
72,1814.1012879999998,239.2528004,0.398251423,85.04297421,3.998660605,571912.0,0.185983304,0.397398563,5091508,1868,2,1.166666667,0
73,1865.1416629999999,241.88787250000001,0.400583907,128.80567,3.9575162919999998,579546.0,0.18753640100000002,0.398563386,5091508,1868,2,1.066666667,0
74,1912.7025600000002,242.759452,0.407854263,118.55579409999999,4.611727567,593649.0,0.18928363399999998,0.397398563,5091508,1868,1,1.4,2
75,1949.5101170000003,240.22645010000002,0.42451565399999996,114.63026090000001,3.8281957280000003,605348.0,0.193360513,0.39409823299999996,5091508,1868,1,1.333333333,2
76,1984.354752,241.7186525,0.426784709,109.8852486,3.944891495,611985.0,0.194719472,0.394680645,5091508,1868,1,1.166666667,0
77,2058.222687,242.7719358,0.438839046,111.1937152,4.388836396,614371.0,0.19510774600000003,0.39448650700000004,5091508,1868,1,1.1,0
78,2109.2441710000003,243.96731290000002,0.445321267,112.66677859999999,4.04827448,614798.0,0.194913609,0.39429237,5091508,1868,1,1.5666666669999998,3
79,2222.6830370000002,248.6806258,0.45165160299999996,112.57734909999999,4.810340686,608361.0,0.193166375,0.396039604,5091508,1868,1,1.3666666669999998,2
80,2318.200157,250.1750555,0.46544694799999997,113.3722373,3.977585368,604584.0,0.192583964,0.396622016,5091508,1868,1,1.0,0
81,2499.886673,267.5481195,0.438860385,120.00398740000001,4.42175546,615900.0,0.196660843,0.391380315,5091508,1868,1,1.133333333,0
82,3366.357422,515.6865484,0.159073737,264.2675777,4.43497,670189.0,0.214327315,0.3645894,5091508,1868,1,1.066666667,0
83,4525.04451,654.0632091,0.132920901,310.76150110000003,4.666017462,798707.0,0.253348864,0.29838866199999997,5091508,1868,1,1.033333333,0
84,4039.7904049999997,591.5381531,0.14507854,191.68376719999998,9.300305824,809524.0,0.256843331,0.284216657,5091508,1868,1,1.533333333,3
85,3286.545456,530.8974446999999,0.146530569,188.0226644,9.187797622,708181.0,0.22966414300000002,0.335468841,5091508,1868,1,1.233333333,1
86,2847.711014,320.7570683,0.347817483,110.2205133,10.72357656,746534.0,0.24703941,0.297709183,5086890,2008,1,1.133333333,0
87,2720.03888,265.5030531,0.484893388,111.17176200000002,10.55765965,685951.5,0.22471364800000002,0.32119976699999997,5080830,1520,1,1.266666667,1
88,2709.182182,269.1234019,0.470054818,107.2095825,10.39174339,647759.5,0.21180353300000002,0.333333334,5080830,1520,1,1.4333333330000002,2
89,2725.665802,274.5344929,0.454457991,89.66099671,10.22582715,598702.0,0.199281693,0.3454669,5080830,1520,1,1.4,2
90,2753.18927,281.2949682,0.437258373,103.27148659999999,10.05991023,563903.0,0.18821588,0.35478547899999996,5080830,1520,1,1.066666667,0
91,2883.820243,304.208147,0.39160039799999996,106.18930520000002,9.89483099,547964.5,0.182780043,0.35730926,5080830,1520,1,1.133333333,0
92,2796.1620559999997,317.24177819999994,0.34914235299999996,98.05270281,13.01134235,553364.5,0.18336245399999998,0.352358765,5080830,1520,1,1.266666667,1
93,3035.525505,394.41404689999996,0.245173169,148.8416333,14.71395597,601418.0,0.195204815,0.33944865,5080830,1520,1,1.166666667,0
94,3227.062592,486.33865049999997,0.171450866,136.7657821,14.68331846,683226.0,0.215298,0.31702582,4882206,2016,2,1.4,2
95,3588.9613189999995,434.4131715,0.238986117,137.3902625,6.063033542,649958.0,0.204426325,0.345369831,1030152,874,2,0.933333333,0
96,3925.4551090000004,473.9666749,0.219585807,149.3264531,5.470103022999999,714278.0,0.22461657899999998,0.322655795,1030152,874,2,1.066666667,0
97,5113.185318,596.4961638,0.180586835,170.54929009999998,5.218390542,807919.0,0.251407494,0.288293535,4882206,2016,2,1.066666667,0
98,4840.159042,596.9621967,0.170677329,155.3173875,5.963773835,820880.0,0.257425743,0.277033586,4882206,2016,2,1.4333333330000002,2
99,4004.6377409999996,603.6931852999999,0.138083108,110.99487749999999,10.32188141,826535.0,0.263443991,0.265967773,4882206,2016,2,1.5,3
100,2912.800461,603.7577112,0.10041422,139.1186169,8.455592107000001,824490.0,0.26616191,0.265967773,3206860,2178,2,1.233333333,1
101,2085.542633,431.48135,0.140768304,87.40640286,3.737008747,702077.0,0.22616967600000001,0.321490973,4207722,2670,2,1.5,3
102,1836.7276149999998,237.28081260000002,0.409948572,101.84129940000001,3.272183118,470320.0,0.15608619699999998,0.43214909700000004,4097812,2452,2,1.4333333330000002,2
103,1835.864288,238.2903877,0.40629117600000003,91.74443935,3.2775146810000004,415661.0,0.13977868400000001,0.454863133,4097812,2452,2,1.533333333,3
104,1840.357269,239.03527819999996,0.404751067,92.12953057,3.2828461910000004,403230.0,0.137643176,0.45699864100000004,4097812,2452,2,1.266666667,1
105,1888.1050559999999,239.7350149,0.412832676,106.2249379,3.28862207,386612.0,0.133760435,0.461463794,4097812,2452,2,1.533333333,3
106,1909.8161850000001,241.04407169999996,0.413065161,103.7665889,3.2939535460000005,385369.5,0.133178024,0.462434479,4097812,2452,2,1.466666667,2
107,1945.8498539999998,243.24202000000002,0.413275968,109.9664874,3.2992850560000004,378933.0,0.130557174,0.46515239799999997,4097812,2452,2,1.2,1
108,1969.5052030000002,245.5079255,0.41061609,99.36152268,3.3050608999999995,382835.0,0.131819064,0.46379343799999995,4097812,2452,2,1.2,1
109,2029.30162,261.00014080000005,0.374347539,109.8279639,3.31039241,394398.0,0.13609008,0.458745875,4097812,2452,2,0.933333333,0
110,2097.663223,268.80601989999997,0.36481076700000004,89.62602301,3.315723974,401922.0,0.139584547,0.454863133,4097812,2452,2,1.1,0
111,2245.316147,304.1559789,0.30499635399999997,116.4216082,3.321055484,427125.0,0.148903126,0.442438361,4097812,2452,2,1.133333333,0
112,3147.107208,498.5193954,0.159131913,164.1638447,3.326386995,533396.0,0.185012619,0.38827412200000005,4097812,2452,2,1.233333333,1
113,3512.046875,612.2709145,0.117728852,137.6760251,5.831979542999999,647076.0,0.21995729,0.326344399,4097812,2452,2,1.333333333,2
114,2412.869247,467.3129255,0.138844303,111.25957140000001,5.112476611,674896.0,0.22616967600000001,0.323432343,4077232,2446,2,1.6,3
115,1501.647461,224.60178390000002,0.374068766,42.68289959,1.4210683659999999,469230.0,0.162686857,0.5191225,185196,1398,1,1.3666666669999998,2
116,1518.400322,226.2496921,0.37276136600000004,31.43182879,1.268121357,445080.5,0.154824306,0.52116094,185196,1398,1,1.2,1
117,1453.497101,226.0386954,0.357485516,26.82942442,4.49470259,447640.0,0.15511551199999998,0.437584935,185196,1398,1,1.266666667,1
118,1428.001419,226.88953880000003,0.348585693,26.50288275,4.399529753,447425.0,0.154921374,0.430596001,185196,1398,1,1.4,2
119,1396.421921,230.85276969999998,0.329273169,25.87644992,4.299182517,658698.0,0.200737721,0.371772471,185196,1398,1,1.766666667,3
120,1378.1177910000001,244.79821800000002,0.289066208,32.2568596,4.2050173719999995,641202.5,0.19598136300000002,0.37701417200000004,185196,1398,1,1.4333333330000002,2
121,1655.133384,389.1166454,0.137374169,42.26296299,4.121016535,612827.5,0.188604155,0.387303436,185196,1398,1,1.1,0
122,1222.7449800000002,245.15894680000002,0.255652626,23.01065723,4.04775798,559642.0,0.174335081,0.405358183,185196,1398,1,1.266666667,1
123,1232.457703,230.10355130000002,0.292506314,32.15022777,4.029085345,473302.0,0.152980004,0.42943117799999997,185196,1398,1,1.1,0
124,1943.329697,424.3242648,0.135631516,173.8860165,4.052597339,477433.0,0.160939623,0.405164046,167032,1358,1,1.266666667,1
125,1304.249443,312.09751939999995,0.202300801,139.7784894,3.8920005460000002,428093.0,0.14909726199999998,0.41923898200000004,167032,1358,1,1.4333333330000002,2
126,1313.563232,234.31309469999997,0.300654513,57.31109285,4.676311136,355282.0,0.127159775,0.45136866600000003,167032,1358,1,1.3,1
127,1362.554382,236.3302702,0.306566719,50.42178973,5.017526123000001,326769.0,0.120170841,0.45699864100000004,167032,1358,1,1.333333333,2
128,1502.335312,238.7316557,0.331250635,127.3821982,4.7452158330000005,318629.0,0.116288099,0.460493108,167032,1488,1,1.3666666669999998,2
129,1506.934441,245.72119390000003,0.313640405,124.6296687,6.029200223999999,309015.5,0.11162881,0.46194913600000004,167032,1488,1,1.166666667,0
130,1420.2687230000001,239.38969049999997,0.311436493,122.6206578,6.630741055,288270.0,0.10347505300000001,0.47291788,164304,1488,1,1.1,0
131,1352.449814,230.07400780000003,0.321067175,119.7164381,6.068715057,301006.0,0.10716365800000001,0.496214327,164304,1488,1,1.266666667,1
132,1313.4496,213.7354442,0.36130184600000004,115.59874170000002,2.347754423,293575.0,0.104057465,0.517763541,164304,1488,2,1.6333333330000002,3
133,1294.704078,206.7042919,0.380788086,113.0903847,2.29003845,264063.5,0.091632693,0.5490196079999999,164304,1488,1,1.3,1
134,1344.173676,205.62995990000002,0.399448908,112.78613130000001,2.226846641,282505.5,0.09561250199999999,0.548048922,164304,1488,2,1.333333333,2
135,1563.757767,222.29514280000004,0.39766685700000004,120.93112409999999,2.168689632,348733.0,0.115705688,0.526887983,164304,1488,2,1.9,3
136,3506.977554,506.31782810000004,0.17190812800000002,144.6632783,2.813394007,619965.0,0.19918462399999998,0.365560085,164304,1488,2,1.8,3
137,2615.147186,535.8701229,0.114442388,204.8902146,7.618176436000001,662565.0,0.21374490399999999,0.330809552,985478,1698,2,1.3666666669999998,2
138,1775.439972,313.7904258,0.22658777800000002,164.34,3.621602414,600354.0,0.19996117300000002,0.381867599,985478,1698,2,1.4,2
139,1614.81604,233.7681293,0.37133194799999997,84.40542346,2.581665889,469603.0,0.15259173,0.462046205,985478,1698,2,1.7,3
140,1605.979065,234.16804199999999,0.36803955299999996,119.56469650000001,2.560669285,376093.0,0.125218404,0.495826053,985478,1698,2,1.533333333,3
141,1636.710953,233.40888909999998,0.377526176,112.6601243,2.540254404,361794.0,0.122500485,0.498738109,985478,1698,2,1.233333333,1
142,1620.559647,235.5549412,0.367020605,118.327828,2.5458075030000002,365950.0,0.126771501,0.493690546,985478,1698,2,1.7,3
143,1642.893585,239.74429569999998,0.359188756,106.99890819999999,2.547011965,370308.0,0.131042516,0.49155503799999994,985478,1698,2,1.533333333,3
144,2645.98764,413.18490319999995,0.194764045,165.99321030000002,2.548093377,428842.0,0.1492914,0.440496991,985478,1698,2,1.4333333330000002,2
145,1685.484818,241.7330339,0.36246218399999997,129.13353130000002,2.40495201,489609.0,0.16967579100000002,0.41661813200000003,985478,1698,2,1.2,1
146,1729.6845399999997,245.4266318,0.360855553,111.68514740000002,3.6339595719999997,348035.0,0.11745292199999999,0.499708794,985478,1698,2,1.2,1
147,1794.380386,249.93170800000001,0.360978772,134.9153798,3.02078673,335931.0,0.112211221,0.518928363,985478,1698,2,1.466666667,2
148,1859.67067,258.0482579,0.350949027,121.4439196,2.5598822930000003,338043.0,0.113958455,0.517375267,985478,1698,2,1.4,2
149,2730.8917850000003,432.4282878,0.18352116699999999,174.0497458,3.0952335310000003,449704.0,0.147350029,0.442632499,985478,1698,2,1.233333333,1
150,2260.05661,326.19257369999997,0.266919955,171.7715368,2.571970849,447068.0,0.147544166,0.458940012,985478,1698,2,1.1,0
151,4422.813477000001,597.6732225,0.155589717,233.9636511,3.405204921,656548.0,0.21180353300000002,0.377402446,4162526,2778,1,1.4,2
152,3819.1895289999998,600.3798772000001,0.133146213,210.2540702,7.5325921110000005,688169.0,0.221316249,0.327120947,4162526,2778,1,1.5666666669999998,3
153,3421.1100920000003,604.9314692,0.11748016800000001,231.05239790000002,9.752461566000001,690334.0,0.22267520899999999,0.321490973,4162526,2778,2,1.166666667,0
154,2923.9659269999997,568.3695632,0.11374191800000001,272.7963923,7.546995612999999,706787.0,0.22869345800000002,0.318190643,4283822,2694,2,1.266666667,1
155,2383.3486789999997,437.07222360000003,0.15678013400000002,152.6608157,5.333244032,717754.0,0.231993788,0.325761988,4283822,2694,2,1.3666666669999998,2
156,1765.9052579999998,236.9643781,0.39519472,49.8129476,3.1019439510000004,672210.0,0.218986605,0.36148320700000003,4283822,2694,2,1.166666667,0
157,1801.22612,238.70932119999998,0.397227534,103.1426368,2.9680794839999995,572113.0,0.184624345,0.423024655,4283822,2694,2,1.5,3
158,1846.739014,241.61483419999996,0.397528435,88.17101368,2.857844113,545558.0,0.174140944,0.442438361,4283822,2694,2,1.133333333,0
159,1862.162964,248.40433810000002,0.379250886,83.83843244,2.7551751419999997,516544.5,0.166569598,0.45049505,4283822,2694,2,1.3,1
160,1973.362602,301.2806772,0.274203533,138.1086437,2.64460842,507630.5,0.163948748,0.455542613,4283822,2694,2,1.4333333330000002,2
161,2142.743874,375.33472489999997,0.19112498600000002,136.9942126,2.539647373,500817.5,0.162589789,0.457386915,4283822,2694,2,1.6,3
162,1909.7177739999997,250.20395630000002,0.383344996,70.45500733,2.64745179,474405.5,0.15608619699999998,0.455639681,4283822,2694,2,1.5666666669999998,3
163,1941.021805,259.7264736,0.361617409,80.57270724,2.74724119,461406.0,0.153562415,0.454086585,4283822,2694,2,1.3,1
164,2135.278534,324.0092118,0.25557768399999997,133.23201070000002,2.8483846739999996,472349.0,0.15802756699999998,0.447874199,4283822,2694,2,1.233333333,1
165,2123.027825,329.1769353,0.246206747,94.5308213,2.950241323,484941.0,0.16161910300000001,0.44059406,4283822,2694,2,1.0,0
166,2030.043854,264.0872907,0.365791099,105.0416264,3.0516331880000003,475655.0,0.160163075,0.439138032,4283822,2694,2,1.3,1
167,2226.668534,294.84813330000003,0.32190309300000003,86.77046537,3.152037813,471857.0,0.159483596,0.435643564,4283822,2694,2,1.3,1
168,2977.992218,414.4502636,0.21786556,177.3647981,3.245271877,533665.0,0.17860609600000002,0.405746457,4283822,2694,2,1.3,1
169,4826.677231000001,602.4081017999999,0.167138505,98.90006095,4.83184786,715232.0,0.235099981,0.306542419,4283822,2694,2,1.166666667,0
170,3516.335617,600.8709169,0.122387712,103.7724563,10.1651854,717272.0,0.23781789899999997,0.293729373,4309362,2606,2,1.4333333330000002,2
171,2305.513214,548.4868700000001,0.09630415099999999,176.36940769999998,4.407759394,705346.0,0.228887595,0.31178412,4309362,2606,2,1.2,1
172,1926.208069,242.7266088,0.410845264,43.76926557,3.67945174,489118.0,0.163657542,0.413123665,4309362,2606,2,1.2,1
173,1957.560623,244.5328325,0.411387155,36.31802514,3.65913733,404217.0,0.13609008,0.448650747,4309362,2606,2,1.533333333,3
174,2039.6221010000002,244.45106830000003,0.428919404,32.07415333,2.642168013,382673.0,0.12890700800000002,0.475247525,4309362,2606,2,1.3666666669999998,2
175,2160.559433,251.53242319999998,0.429129264,31.73396753,2.8758821510000003,369402.0,0.126383227,0.475829936,4309362,2606,2,1.3666666669999998,2
176,2257.919556,258.0072085,0.42624043799999994,38.47191098,3.109598488,364420.0,0.125024267,0.47369442799999995,4309362,2606,2,1.133333333,0
177,2549.64978,272.53362999999996,0.431370252,120.42375790000001,2.899929447,380529.0,0.130654242,0.472141332,4309362,2606,2,1.1,0
178,3196.379669,311.7824514,0.413204354,134.786532,2.7120051910000003,452733.0,0.150844496,0.453698311,4309362,2606,1,1.3,1
179,6242.40918,632.8573001,0.19586214600000001,213.10914849999998,2.524079168,756061.0,0.23354688399999998,0.344010872,133528,2016,1,1.166666667,0
180,3456.242218,443.10607310000006,0.22120688,157.3190177,3.116484026,717597.0,0.22112211199999998,0.36594836,133528,2016,2,1.166666667,0
181,3354.178024,575.4656448,0.127279122,280.2354409,2.901603619,687508.0,0.211026985,0.39254513700000004,133528,2016,1,1.033333333,0
182,4521.0951159999995,718.5140963,0.109758461,267.54346069999997,2.67137533,839190.5,0.254610755,0.332071443,9537434,2958,1,1.533333333,3
183,3063.879326,539.8952122999999,0.132091598,185.1103885,3.359950729,824206.5,0.250630946,0.402640265,9537434,2958,2,1.7,3
184,3315.585129,399.6540823,0.26085642600000003,186.1407767,3.6511967010000004,704713.0,0.215103863,0.534653465,9537434,2958,2,1.266666667,1
185,3360.972763,411.2489273,0.249727715,184.81902730000002,3.8601985830000003,658204.5,0.203261503,0.417394681,12230342,4028,2,1.4,2
186,3324.895782,418.16074710000004,0.23894688600000002,148.2493168,3.052744381,627387.0,0.193748787,0.40264026399999997,12230342,4028,2,1.6,3
187,2861.276077,423.6717772,0.200313657,118.3345334,3.2357456960000004,602750.0,0.18928363399999998,0.404581635,12230342,4028,2,1.2,1
188,2204.780212,361.7664222,0.21169892699999998,124.46915700000001,3.449250868,586154.0,0.187730538,0.409240924,12230342,4028,2,1.133333333,0
189,2226.6837769999997,313.6087597,0.28450639899999997,111.79365870000001,2.55447426,566765.0,0.184430208,0.435643564,12230342,4028,2,1.166666667,0
190,2394.339866,334.77779489999995,0.268461608,118.84059309999999,3.227569982,564373.0,0.18559503,0.411182294,12230342,4028,2,1.233333333,1
191,2529.527679,360.4623771,0.244641097,121.757706,4.167711385,598899.0,0.19840807600000002,0.37643176100000003,12230342,4028,2,1.066666667,0
192,3201.970787,437.0563363,0.21063569,145.8503378,5.676085222999999,686409.5,0.22655795,0.319161327,12230342,4028,2,1.2,1
193,3487.3578799999996,436.06088,0.230468793,169.5601744,10.68874326,699411.0,0.231993788,0.305571734,12230342,4028,2,1.2,1
194,3477.609222,428.1774954,0.238365264,161.901017,11.78333084,669364.0,0.22170452300000001,0.31702582,12230342,4028,2,0.933333333,0
195,3518.6180729999996,419.8766837,0.25080632,160.5878439,5.543781259,666189.0,0.21723937100000001,0.338575034,12237356,3468,2,0.966666667,0
196,3250.203445,407.91071960000005,0.245465338,109.06484509999999,2.161840223,645450.0,0.20986216300000002,0.524558338,12237356,3468,2,1.2,1
197,2591.3576129999997,356.1806923,0.256674888,136.93221880000002,2.1153469719999998,476870.0,0.157833431,0.558241118,12237356,3468,2,1.0,0
198,2336.550034,260.7251339,0.43193575,58.80782929,1.926758756,490306.0,0.151038633,0.470588235,12237356,3468,2,1.066666667,0
199,2341.592743,263.68126980000005,0.423262259,79.61493703,5.33966411,514341.0,0.15802756699999998,0.42943117799999997,12237356,3468,2,0.966666667,0
200,2350.1276550000002,253.5041684,0.45954824,93.70387265,5.293806124,407789.0,0.13589594300000002,0.621432732,12237356,3468,2,1.2,1
201,2341.707489,252.22462000000002,0.462559448,90.27701551,4.8835037130000005,394445.0,0.131624927,0.618132401,12237356,3468,2,0.933333333,0
202,2303.284439,249.3213398,0.465627405,90.31588052,4.569277761,410294.0,0.13725490199999998,0.5771694820000001,12237356,3468,1,1.066666667,0
203,2297.6464539999997,248.68412819999998,0.466871035,76.52370889,3.938665629,405308.0,0.13686662800000002,0.506891866,12237356,3468,2,1.1,0
204,2251.294632,248.59386769999998,0.457788462,89.07274323,3.674818715,406603.5,0.136769559,0.44651524,12237356,3468,2,1.233333333,1
205,2233.866364,254.3411659,0.433944049,92.23733099,3.602282244,411719.0,0.13725490199999998,0.47738303200000004,12237356,3468,2,1.033333333,0
206,2285.510711,389.7498138,0.189069304,159.72729019999997,3.316268081,392264.0,0.129586488,0.519996118,12237356,3468,2,1.166666667,0
207,2555.002975,399.1079607,0.20156749300000001,155.2507228,3.1638437610000003,438045.0,0.144826247,0.514657348,12237356,3468,2,1.333333333,2
208,2417.768631,317.45098019999995,0.301488852,108.0464717,2.821766052,467903.0,0.153562415,0.513298389,12237356,3468,2,1.133333333,0
209,3645.419357,504.02926569999994,0.18032081100000003,196.0033775,2.8859958139999997,633879.0,0.206561833,0.384973791,661284,1570,2,1.033333333,0
210,4660.62764,593.3194467999999,0.16637079999999999,296.93374789999996,7.558214536,720801.0,0.240147544,0.293341099,985478,1698,2,1.233333333,1
211,4604.210907,612.4960892999999,0.154236173,296.1026275,11.34686278,706478.0,0.230731897,0.303242089,985478,1698,2,1.033333333,0
212,4012.107285,626.8007294,0.12832858800000002,331.86823599999997,6.565156625,687936.0,0.220345564,0.324403029,985478,1698,2,1.166666667,0
